step,reward,state,action,policy_prob,behavior_prob
0,,"[0.000000e+00 0.000000e+00 5.000000e+02 ... 4.060000e+02 9.960293e+00
 6.562174e-05]",46,0.012294938,
1,3.011015900016782,"[3.6328748e+02 3.4354361e+02 4.9900000e+02 ... 4.0600000e+02 9.9535151e+00
 6.6445646e-05]",35,0.0120084835,
2,1.7756230000157527,"[9.3695093e+02 9.5480576e+01 4.9775000e+02 ... 4.0600000e+02 9.9450436e+00
 6.7890120e-05]",6,0.012498332,
