step,reward,state,action,policy_prob,behavior_prob
0,,"[0.000000e+00 0.000000e+00 5.000000e+02 ... 4.060000e+02 9.960293e+00
 6.562174e-05]",65,0.01230274,
1,2.029349200015964,"[7.891381e+02 6.142158e+02 4.980000e+02 ... 4.060000e+02 9.946738e+00
 6.789012e-05]",54,0.0120986765,
2,1.405245125015444,"[7.9878754e+02 9.2906799e+02 4.9737000e+02 ... 4.0600000e+02 9.9425392e+00
 6.5001179e-05]",57,0.012121314,
