step,reward,state,action,policy_prob,behavior_prob
0,,"[0.000000e+00 0.000000e+00 5.000000e+02 ... 4.060000e+02 9.960293e+00
 6.562174e-05]",66,0.012421418,
1,3.3608531500170735,"[2.4323883e+02 2.0792996e+02 4.9935999e+02 ... 4.0600000e+02 9.9559469e+00
 6.6445646e-05]",30,0.012165472,
