Time	Worker	TD	PLoss	ELoss	VLoss
1200	0	-0.2596057653427124	0.0059058474825968155	-0.006732856389135122	-0.4394315183162689	0.03369757533073425
1200	0	-0.27070266008377075	0.012339368462562561	-0.014680157415568829	-0.43943214416503906	0.03663996607065201
1200	1	-0.2686007022857666	0.007664209599750338	-0.009044199250638485	-0.43942806124687195	0.036073166877031326
1200	1	-0.28315600752830505	0.012419018894433975	-0.015377875417470932	-0.43942782282829285	0.04008866101503372
1200	2	-0.26080700755119324	0.0042328584991193074	-0.004788948688656092	-0.43940526247024536	0.0340101458132267
1200	2	-0.273306667804718	0.012900816276669502	-0.015378964133560658	-0.43941208720207214	0.03734826669096947
