Time	Worker	TD	PLoss	ELoss	VLoss
700	2	3.311058521270752	14.558186531066895	-0.0439419150352478	5.48155403137207
800	0	2.9773826599121094	13.153136253356934	-0.04394112527370453	4.432403564453125
